label,gold_count,pred_count,true_positives,precision,recall,f1
ADDRESS,24,22,21,0.9545454545454546,0.875,0.9130434782608695
EMAIL,26,26,26,1.0,1.0,1.0
FIRST_NAME,7,1,0,0.0,0.0,0.0
FULL_NAME,34,40,33,0.825,0.9705882352941176,0.8918918918918919
LAST_NAME,7,1,0,0.0,0.0,0.0
NATIONAL_ID,46,41,41,1.0,0.8913043478260869,0.9425287356321839
PHONE,36,38,35,0.9210526315789473,0.9722222222222222,0.9459459459459458
